Feature_1,Feature_2,Feature_3,Feature_4,Feature_5,Feature_6,Class
-0.4840496363870183,-2.4193025083864104,0.060794872092638896,2.4762177345939413,-0.41138983002749074,1.2256075842078045,1
0.6384509351645649,1.1945327976134668,-0.7586769528407213,1.8970999512391846,-1.7581930072759717,0.38060665363583557,0
-1.641253202359863,1.3445458163535144,0.2677921140513312,-0.07164981510722868,-0.6152291907079231,-2.3090296320844725,2
-0.44876822448863096,-1.7294253274704174,0.5800031777484493,-1.4273788514129637,0.31170180213121856,-1.88705722015568,1
-0.1586166770513216,2.0030898042040426,1.5325664560582926,-1.7569968814372736,0.7372913165470523,0.5712566771574916,2
-0.9393267378659398,-1.0302852684477233,0.18452101690404743,0.11383063248770764,0.1130961378202375,-0.6119816870847727,1
0.734218218708196,-1.4726233293885214,0.759947920467452,-1.2422959813578862,-0.5706713486133254,-3.583970895349607,1
1.2999740467257528,1.0275949058199974,1.4361516674147474,-1.6544267173474645,0.597731708113624,0.993401584814086,2
1.247811197916247,-1.575572860820008,1.554308459325474,-0.10475868265704447,-2.924925179196677,0.38691011679193865,1
-1.3577908952578768,-0.029229616878778675,-2.4585174212161474,0.6837583240201053,-2.517143142096245,4.058305351722345,0
0.21899252333399247,-1.2354989215728078,-0.011327170014640231,-0.22576970994343504,-0.6473154083300372,0.8770443218992409,1
-0.6607420360353083,-0.1877152307997283,1.6617435286870865,0.13913662764707113,-0.5083893712580683,0.6712003248504492,2
1.540785811994749,-2.2119199991864855,0.8821867266265575,0.6670855795950554,-1.3824599249460918,-0.282690060622516,2
0.6523887162435664,1.3952990642916565,-0.9454952252373026,1.3645433508597598,0.20205461602564603,1.311938742033585,0
0.18465277590460072,-1.0945734084238528,-3.4289745921884003,0.204013876627813,0.6546541629080077,-0.271615273453246,0
-0.5045524370842177,0.04165478706621184,0.576627500994443,-0.06546999669064413,1.497368970934125,-1.2378303105644022,1
-0.33991450576921695,-0.8439041705013725,-2.767478264952759,0.1894327829647673,0.13829868978581025,-0.41344939937543934,0
2.2671801950982227,-4.20427208326875,-1.230563222596761,-0.3820613252590206,2.4793894187099115,3.416029308314364,1
-1.0038910792188394,-1.858792111053124,0.3096158404573066,-1.9764205016671257,0.042482538923175224,3.805865789678968,2
0.09096897677540905,1.1264500637863035,1.411041969259593,0.5847672865980799,0.6647140863088895,-1.8654676940239892,2
0.4540138017167675,-1.2375210993504415,0.6859816751787168,-1.4322574672939736,-0.9420659015623665,-0.6179964519149667,1
-0.13929201177662912,-1.0535424481898206,1.042694111840863,3.158195408915085,-0.8339843541994671,-0.3921379154100453,1
-1.4438895774639133,-1.3253526404342075,1.2404062361810593,-0.750275115550312,0.09626077640338242,-0.4654672096318968,1
0.009931019733270987,-1.3747285929428315,0.3371029316397042,-1.741163024134635,1.8822922338341885,-1.9954507954011353,1
-0.21127525515031384,0.2881153333116854,0.3883793278594674,0.741135079088084,0.5387289760525086,-2.3726508323974493,2
-2.0469346867227998,0.5302535903892793,1.5807111373398925,-0.4746316216350932,-0.4283452397058618,0.15362682123301552,1
0.771038919953255,-0.4336924948223102,1.4426669250640767,-1.065425350430814,2.0458172880882857,-2.764036278311191,1
-0.39530547743974637,-0.8177430274983384,-3.17706236665052,1.8799385835078157,-0.13045986903936505,0.8379154114403091,0
-1.475037198340117,0.535756331348858,-1.398398055980634,1.5186607218024686,-1.6523670157038093,0.2745000075778329,0
-0.6278832144417893,0.1136010427983476,1.5974192859055638,0.15749707139533897,1.765709266450403,-1.3241538298886706,1
-0.378295274261212,-1.6932602374190047,-1.2480384752886575,-0.8529354889758183,-0.3548073501842204,-2.0977106154254557,1
0.22970074716785507,1.4199788564968798,2.7260637914344237,0.9764535529959479,0.019154915057859004,-0.7735511418380674,2
2.533516165346526,0.23340768752120689,1.4343336985085369,0.18036029758036254,0.1609789471789995,-2.1140204292406404,2
0.9619566195553785,-0.47410092280604044,0.6033787478036234,2.5191445345611876,-0.878270073673366,0.7491942489197985,1
0.2669869855276509,0.9487180314012592,1.6633088126334912,0.8243163384749157,-1.28976558176506,-0.9472007920175409,2
-1.225767816757602,-0.9367950570095889,0.43700559973951403,-1.5363708061431725,-0.8667229746284533,0.5218820380585153,2
1.0742676129098663,2.3129440451494983,2.2236765807784966,-2.124903897758867,-0.596395217935485,0.401426666844799,2
0.8647446916408404,-1.2979496161866517,0.7617723866014479,-0.5857302479446798,-0.46040661563924223,-0.9871097782692572,0
-1.3985196480651843,2.082741544265253,-0.1158865275856491,0.5627078745527869,-1.4869359725271176,0.18105003837153122,0
0.8815997459782084,0.8326487634997397,-0.11257415056265252,0.996484414731167,-0.6642241813532244,-1.0519938486775073,2
-0.5609352142237467,-2.2259227392528396,1.5194005778380775,-1.9029131768439682,0.9674877492386388,-0.8983490122853566,1
-0.044764807386507684,-3.052772146144041,-3.3250050035372998,-0.7126092503960845,0.953671678165781,-0.09225066664168524,0
-1.2801253069331895,-2.2512704060679423,-0.8809225293315714,-2.142115650000902,-0.3665010555121015,-1.827182145146753,1
1.008001947245045,0.05366317474683058,0.9347596425421293,4.064486580486529,-0.7055540917782499,0.20291354578975462,1
-0.11405917237235645,-0.31397612346312864,2.600755920198856,1.162193969018161,1.106850182189822,-2.3281929881113097,2
0.3046362963480508,0.07313609820257472,-1.9798918920165023,0.6961736229616633,-2.1654815857130014,1.5163923440382026,0
0.6563574506292909,-1.6327223952792074,0.20783435895513924,1.7660802320440478,-0.32483237366931933,0.6780603896991767,1
-0.7487835886440163,1.5504310219761095,-0.9986385086760914,1.2103050814767036,0.5718780661783558,2.3548210266640384,0
2.136559128802725,-2.473011664900265,-0.08941695246197878,-0.1589935475914308,-1.6550629923331868,0.11256620386759741,2
0.35343086648641237,0.5356858617737339,1.3358104160744628,-1.6264556537894215,-1.6229275808300976,-0.2847052803179715,2
-0.0607314103854932,1.4434426182547324,-0.3912665121632174,1.7266745092608549,0.56568707966939,1.4427413542939416,0
-0.7588521310376378,0.6550575142454935,1.9450753039780553,1.4121325480327567,-0.14200761302952686,-0.44990127052004325,2
-0.8763847334453033,-0.618719902418031,1.5052870869974022,0.9568759252633876,-0.7674210000716748,0.7759244331383853,1
0.8604560484222035,0.2193590695340596,-3.0494888911305913,2.2039296130212835,0.9425685485361891,2.4048125272892555,0
-0.030570163417495192,-0.06292287155409837,1.6366526650969326,1.419323453119255,-0.4731700706360385,0.11105573432685789,2
-1.3140673085340397,-0.07580465278516801,-3.1252466861321215,-0.09593932240514413,-0.1701796665065516,-0.6581201068242015,0
1.9478167872543153,0.8787671129191115,-0.5472801715335596,0.9101506502021139,0.47047365611673203,-1.4694887043697809,2
-0.5713742214499119,-1.0652781518959946,-2.7759014651695457,1.1665729754877807,-0.06700714194351028,2.4255932061917074,0
0.1489719493272099,0.31894680893783556,0.5684832874476449,0.6829484858218395,0.6403971849116776,-2.613745908833655,2
1.036201832131722,-0.18622913573456823,2.33897513461051,-0.14537110918950658,1.219503568712245,-0.526534693494398,2
1.278329470318716,-0.13607700116827837,1.6624950916939774,-2.2163197358449778,-0.35504864437215156,2.853216917150377,1
0.08635531550037072,-1.7999683745684794,-0.47854885646533707,0.5176177024577457,-0.4300992037619455,0.13606323924580632,1
-0.30656944713385026,0.19933654138564472,2.4449567485171544,1.3455785298783443,-0.18078436389549102,-1.211890247675291,2
-0.9406448976409142,-1.921186182582458,0.9019186630391707,0.4887441552438623,0.7260034325676684,-0.6766720890860529,2
-0.2233505408837356,-0.22219390465956934,0.8701491767121905,-1.0845928549917563,0.937391149279786,-0.7851965831927237,2
1.565171932528877,1.2470108961237907,-1.1368677911407499,-0.6320477772518797,-0.26899450730334135,-1.426988897102521,0
-0.38267843755186814,-0.43882405864172536,-1.92665688370676,1.3981809049730618,0.23394745213453977,1.1045894293522365,0
1.4935827693088695,-2.308999401653367,-2.016016498986168,0.06571409026698727,1.0541286760189787,1.660768002005243,1
-0.30872115327850763,-0.563169741563504,-1.2175202182364289,0.047449430025157335,0.9830827052059001,-0.7261470862414237,0
-0.614236618548697,-0.6715210053416288,-1.197694919260551,-0.8325346610400137,-0.2458499789779966,-1.1014910266171287,1
0.16105147859658853,0.16461065711854195,1.69193628124618,-1.0725175830078597,1.4617381335348938,0.8591465963973104,2
0.23632590272777546,0.157135785206429,0.014042693565916697,0.15065577649624196,0.8537246722572774,-0.7069317866000586,1
0.005833546665433634,0.9661727383459404,-1.5812682091924888,1.7100825949229366,0.6544924900712037,0.8785001941457069,0
0.24990170911772747,-1.7111787512631953,0.24349216415579766,-1.0590461938902185,-1.3819953225931907,3.4214277355222857,1
0.9540138158473067,2.449564161153068,-0.3230488512388012,1.3089841936054105,-0.38369041958098427,0.8123041268987732,2
-0.09117423351856317,-0.3243419187666402,2.647591021529303,-0.764424849542003,-0.8859543132945961,-0.2833837131674093,1
1.6283459593913616,0.848018468034998,3.0122650387496934,-2.2571943107330883,0.5196144598478016,0.0207081201705015,1
-0.4735712337713081,0.06721153205540453,2.0494561807735963,-0.02185814705360234,0.9262443215248913,0.06428741277841254,1
-1.006979473446641,-0.31594542728330754,0.6620022514195749,-2.0738639438790623,-0.13388892656571572,2.4002992323302426,2
-1.2998942792963248,-1.3634745247119096,1.867477357409309,2.1042736838941076,-1.4149758718760481,-1.1113056150492255,1
1.0331185153998403,0.6098252721075152,1.3147607776972723,-2.769650234342236,-0.4746977696370589,3.7693710904704134,2
1.9436030481831703,-0.5771415632432171,-0.07915958020870639,-1.5134719228233977,0.5198648520122691,-1.3966345104967046,0
-0.5651736316059788,-0.6048717520177149,1.4427889301723655,-1.2200790925448535,0.6157007293625533,0.6611378751934507,2
-0.2632548302636291,1.0994319332898097,0.7342974677280001,1.0482290165758734,-0.5019717073646935,-0.4726986738118756,2
-0.4642210974332259,-0.529845756735191,0.01233250343104031,-1.2444084954790664,-1.3767297025036298,-3.4773634152534045,1
0.00276183588393645,-0.52500229698563,1.5106721954554816,-0.8177623334073002,-0.7820238651074395,0.37005881007864794,1
-0.2543767758055499,-2.2597496433441857,-0.1960554617751178,1.7258582529694224,-2.57388211506442,2.2558127027761463,1
0.2490116763645237,0.2595246017202737,1.2811361265374497,-4.0557089059794045,-0.4193155453317213,2.2062550442575573,1
1.18004536881117,0.7900777589932549,-1.2565558565626538,0.952983892350246,0.1546084295207779,-0.9082999570383863,0
-1.8577198613577113,1.1404220891647394,2.7567316595579934,0.06736930999144697,-0.6368264497233397,-1.7673862860478695,1
0.864154213470886,-2.0164838877832185,0.4109934315659727,0.41634124428123864,1.9124094099167985,2.976675908635838,1
0.15552242595499616,-0.58488382778051,1.223593870302526,-1.41237263693596,-0.2714814676069348,1.8900557398434092,2
-0.8988606069585929,-0.7364013825383624,1.636288348967565,-0.4470671022690659,0.1317198895343158,1.0691287500631423,1
-0.5620903253041943,-0.07996354546479978,1.8971377044759525,0.9480815164900914,1.2462673431229843,0.8628580787687715,1
-1.524415338120977,0.44763887006032954,0.7449962057638608,-4.1424746299565,0.2638517010739347,0.43216960748811606,0
-2.1663808434157783,1.580693002050848,-0.24943897951322302,-0.08752966971909548,1.5511550445957039,0.4023535681758008,0
0.11924332929589004,-1.8179322478388829,3.52946859650553,-2.633059382880405,1.705642942525445,-1.7750830265288082,1
0.8943678872123748,0.3188595237361651,1.0763583203870757,-0.5464981085192766,0.33014261578907306,0.3104373523304359,2
1.2679221333318873,-2.363565307528601,0.8010724161195719,-1.6193500427934646,-0.20892848687957735,1.1822371490624342,2
0.6480883646604091,0.15521165736722797,0.6446063200315993,-3.6654666195614376,-0.7573105136779609,2.5132310756599168,2
0.13575387991766508,0.28704173439268876,-2.7875224742589806,-1.1537698492756256,-0.7631488231437142,-1.1637715601743717,0
-0.40073556918739084,0.10098874638172872,-0.9531604973050298,0.8033476254982677,-0.7705679143861808,2.643302721386685,0
0.00799689961726585,1.8751333996148052,0.5766874244312945,1.9951348365623869,0.2926513874005982,0.02875300356146815,0
-1.4922687866598638,-0.3171496560153797,1.374334806377999,1.3511530741917388,0.8735164244697508,-1.6468210525698321,2
-0.8189966901586768,0.9056288951770015,0.00950423039980186,-1.1287134566342685,0.2859186604759825,-1.6284359428333923,0
-0.32256478410197714,2.1238475720183123,0.21470251438551768,0.8195864362902291,-1.3578224620375543,1.081819586320845,0
-1.2323211470374407,0.7200473247017869,1.0948377587380342,1.6763908122244755,-0.9965927363229516,-0.6317470692853924,2
-0.14634235365483608,-2.2768435918672774,1.9344325864368213,-3.2221718134164807,0.4753660343472122,-2.335760482317859,1
0.11362445749432701,-0.955862124075156,1.2139265135201778,-0.7071566106136198,-1.153623990282676,0.9655688220687135,2
-0.8988131880349017,-1.9286569858309326,-1.4082563000069093,0.9205255265376184,1.2431834372143582,-0.06933044082166873,0
-0.06154327388004871,-1.755576625651356,-0.2026664858046301,-0.24980736446659024,-0.9962320562225203,-0.6520588995327579,0
-0.48037749098032195,-0.6591760749475728,0.9655427625666902,0.2509808102362545,1.058504300451178,0.6015981472256164,1
-1.7545421038662703,1.667585140801504,2.943246701787041,1.891156981689222,0.46619034234711976,1.4915551650290353,2
-1.3260950590468563,-0.9754657902978041,1.0146887627743202,-1.2690476439025635,0.21991715060593411,-1.3429991092891547,0
1.3083158308914355,2.826204556145228,0.013112392573551901,0.41247356606454666,-0.15650703083537273,-1.0598720434557793,0
-0.19052836766367762,2.4739567036606864,0.12263460647029922,1.1907384994363897,-0.013172988522326835,0.44321976234902516,0
2.11087263702428,-2.062602280869257,0.9434569400419736,-2.6908843406754146,0.8011640198239227,-1.4266460294572327,1
-0.356738563259028,0.6201547114064248,0.8049968693271415,1.5550640407736869,1.596048491395556,-0.2774408513821329,2
0.8111432591099114,-0.2184251450984036,-2.253291690863385,2.930708131349049,1.546090168234707,0.7709608265421275,0
1.3343503259492993,-2.4368275139727107,0.6251962439885002,-1.4599154428141234,0.5373156575442041,1.1668105799068953,2
0.7251994726731844,4.031089473749944,3.6048476646208885,-0.6367076925618769,0.26429782197543344,-1.3621572350142972,2
0.6235221029507587,-3.366271697087244,0.14307985805737555,0.3723741428655001,0.031022936999807037,-0.07664700148500325,0
0.5854907437496162,-1.6843836019443237,0.3695587857384838,-0.7145253244676293,-1.2567613448956396,1.2795130567419388,1
1.1532385785452397,-0.4212008353423372,-0.5113868423160873,-2.7401067442611993,0.3712128680568303,-1.803707363141767,0
0.6511614606523132,0.5655063556068478,-1.375677261484162,0.29379834946848304,-0.18319391822192532,-0.011973240713441413,0
0.1989026621503274,-0.06104624527753488,-0.5259546059594185,0.7361953265374249,1.0545935162270592,1.6819998172267139,0
0.4356749109059113,-0.3947703787419504,1.3748843622961455,1.661183157175214,-0.817401811088721,0.3046682314167304,1
-0.04820608148706246,-1.6738128978546878,-0.8339537409284257,-2.1854587497215814,-1.0369510059749418,-2.073317366659567,1
0.3254317585362977,-1.9735965155690907,0.33432631948121605,-1.9970905696877481,1.4703207720364857,-1.257201188640848,0
-1.110652196249686,-3.095389901784474,1.3799011557191845,-3.788313112285702,-0.21795205326864608,-1.9106120429632836,1
0.48415911893295277,2.116591895381746,-0.15260008809129288,-0.010965945521356657,0.23958888072416873,-0.9470398427559772,0
-1.2802684093629393,-2.4224605864746085,-2.583268689723623,1.1865252049443984,-1.2062713092828017,0.3063535722251485,0
-0.29071074335321945,2.379440035700144,1.6768127422009271,-0.5054761874336984,0.2827886964836766,-1.754390688759857,2
-0.9657574156062594,-0.7338854395585268,0.4680348315253503,-0.6595033842187623,-0.5937953222563245,-2.6599833786509084,1
0.8287094352199172,-0.24714728248550477,1.4374069479980123,-1.1539840475533936,0.21345301927981047,1.9192190217526703,1
-0.45973073137422704,-1.3011414944369721,1.6742880294107723,-2.492795636510138,-0.3682252752410914,-1.7990556343348287,1
-0.24530054133253051,1.319518508541675,0.004873067623749616,1.0906824353757822,0.6771468663576308,-1.2644679418947216,2
0.05662845181217025,-0.8469845647884506,0.07732674927329442,-1.2846126072919106,-0.35884641691291935,2.8909358984984106,2
-0.7231156306389472,0.6659873330647785,-1.187970233200014,1.7434413080071458,1.8967381819965747,1.7096993947566443,0
-0.28326750883946716,1.5566838098354339,-0.7438550065644485,1.1325956070531904,0.15101229055781942,2.6972243238490834,0
1.1622007890407522,1.2323244192884104,-1.9029516862369107,2.2126235689852622,0.13727613567828928,1.3105155128110262,0
0.3495949993602971,-0.5167116264186196,-2.6724619027033087,-0.11109756607646915,1.137706202714778,-0.612789102234522,0
-1.9949452858132852,2.007755198165449,1.1711314238043755,0.663063185885962,-0.644386928798028,-0.5541727662751874,2
-0.30134644969155117,-0.5958237645982689,1.1430050780250176,1.8721925003851456,-1.1937109876608283,-0.14417230574861106,1
1.4776818779376781,0.1948655344320278,1.4767038664718752,0.11183376954913848,-0.7670175269020002,1.0435866898660946,2
1.1714263477638722,-2.0630752782275503,0.3058878122362343,-0.18606943910214935,-0.8343641789960169,0.7977483777435046,2
1.6261427987831114,2.381400528597722,1.9752776378171129,-1.8764693798691225,-1.6646097350337665,1.6016674831474165,2
-0.7805400982293256,-2.3532687953896607,0.30147789415802606,0.022444302670982186,-1.4101410049803234,-1.1712340801481753,2
1.5683392760301245,-0.27678190364684174,-0.4277583541203883,-1.224497763416418,0.281735063829374,-1.3361683231264203,0
2.562527659332516,-0.98126483141632,1.7775990748045523,1.2633690896100567,0.04172271121569786,-1.3969357946561098,1
1.6076409211162175,-0.3995040614186103,1.4006411697297925,1.4056441291442727,0.8663199502620572,0.8632430951311192,1
-0.30742344459825993,0.279521792399261,-0.16913467433800955,-2.9423254530051643,2.2567513964341175,-2.083820269713188,0
0.1970268328773009,0.016592967966293726,2.213552711793885,1.5524845200627175,0.029965440097251415,-2.385509863311315,2
0.3631193416713573,-2.50708966581191,1.8663527838092424,-2.045516142580261,1.075393445646077,-2.0071641592225102,1
-1.2680142073833764,-1.2514584448583896,0.6895544116122561,-2.2001230927637376,-0.1791497576634285,1.181440315590959,1
0.5770258266684529,0.4224590051174959,-3.643881694509601,3.2955332657608625,0.34981234254886373,0.8241885300062713,0
-0.22306703548074155,3.5891914587570404,0.6778009988472952,-0.7463772956825805,0.3224669010017471,-0.9971764747974222,2
-0.872153679193295,-2.595236465792938,-0.789921152658978,0.22431095061809458,1.4615262062765033,2.3814998851427154,1
-0.2172836969368236,-1.7036523363671492,-0.47081204968299883,2.6929360037840957,-1.3883901407716945,-1.1520365966140003,2
-1.0551784721031583,-1.4668275191701543,0.5972762685797438,-1.4964036324501917,-2.36396849425218,0.4421804143096113,2
-1.760578594241603,1.7003604978730196,-1.0254691338934838,1.7437984422709456,1.3693876725962943,-0.08759329480054645,0
1.6101715293786063,2.1721190811636877,-3.518246843705955,-0.31341544724077,-1.840329036234172,-1.2759579851706915,0
1.5005713689626685,-2.412278332744642,-0.6769628594850452,3.1460946467295394,0.8510692140206136,1.3904203037238387,1
0.0004212592371184664,-2.1586799541170665,0.764813817323416,-0.2002647538318033,1.4990344046594257,1.5437716082030033,2
1.9190008932186058,-1.1137445471147915,-1.4485044419288853,-0.8202882627274095,0.9557079561210825,-0.8572420621789033,0
-0.32275102611843537,1.2279026851499761,3.0386659532355367,0.2481017920287354,0.43483122076684505,-2.127023780977093,2
-1.3888915541730793,-0.478960782983197,-1.3287435451972385,2.5569640115898835,1.4461946654953937,1.850649268848076,0
0.9890742106954769,1.512436553894452,2.4327445432452883,1.4355157507789245,0.6967309092318439,-0.8923998216956424,2
-0.6405294565074873,1.8106866567020188,1.216095474275327,0.6870181043483863,-0.20899996069373228,-0.36352679952151234,2
-0.8184039305286839,-1.9198079945291981,0.8561209338758133,1.7047607302392003,1.1219057109821344,0.4640307087385731,1
2.407377583931219,0.45114330486562704,1.8032434985955197,-1.9095522117683115,-0.6199341874048961,-2.007832743202783,0
0.4705147617608019,0.3623350756868987,-1.5188675427242293,2.3861507401178295,0.3728329917986322,-0.09527724287926231,0
0.11434689130368872,1.1199594764900023,-0.9900902174801035,2.6980212087532305,1.2974214212897037,0.03036698628067991,0
-0.7979934021814765,0.8110670928743817,0.40973737943038524,0.9413825081065308,0.415976621217802,-1.2174832622878204,2
0.21494016993893264,0.8355253958036455,2.3491809795143395,0.38234246617529455,0.2020209369900072,2.232105404205452,1
0.5279026489428972,-0.5055005116620082,1.6843843631350897,-0.6291347634321311,1.4939381997983447,0.8316696382168599,1
0.8130736316294986,-1.6266355571036382,-2.1533499656150648,-0.6164851132520301,0.5032846688166488,-0.5657722351619939,0
-0.09938033012642304,1.2435490020941138,-0.5575678667354682,1.3412340347042562,1.0641141833347134,2.335529052233693,0
0.7084210428945821,-3.6632110044858512,-1.4346961169277623,-0.6502549708362247,-1.085456076896216,-0.16165006626984812,0
1.6117905913123958,-3.3730720943055226,-1.429512619609953,2.4500589157428445,0.07997649477807062,2.7526996010784472,1
1.269678839602134,-0.5285618524276567,-1.6084331567384573,-2.3340620609461,-0.5491469770457174,-1.491503818565684,0
0.34869045175724583,-1.7601319555695965,0.5458589088947631,-0.19901394178860876,0.5726081079140996,1.2060326274665694,2
1.3966284795073118,-1.2163672948463176,1.4005491135739867,1.4645354081045636,-0.39643582943141487,1.3986649342388962,2
-1.0817474872988404,-0.9552299017499424,-3.7159711657307533,1.9983054880623792,-0.16577119760145495,1.645705016541484,0
1.113948633215661,0.3064783994743119,-2.2479057903554187,-3.536700781316508,1.1145162842184595,-2.0544810112914442,0
1.518886581452663,-2.2070444482911267,0.5279845031712918,1.432032680190657,0.8645299085407953,1.5528198278340366,1
-0.3253628783514149,-0.47664358224448145,-1.3698954433375332,-0.11885870838227608,0.933783912872343,-0.7760399242022906,0
0.1339599071656446,-1.2158969744055874,-0.45299645955371837,-0.3435194799042739,-0.6498214781408206,-1.3475929647935045,1
-0.588038578458875,-1.2857231121673054,-0.6035539637531888,-0.936964121484738,-0.5821115937904281,-1.5803341292410162,1
0.7384908326063404,-1.9867146429776077,-0.13543350385625086,-0.6508283959196777,0.20664643809833885,0.9082812028823626,1
1.345803267362869,1.252199179456924,1.8197323867045176,0.7145550621893034,1.0318679825348305,-1.2867991077956162,2
-0.7528447693857241,-1.7632119779590876,1.1246522510542016,-0.12544065079374,0.9775680321615458,0.17222865969976975,2
0.004813307376784878,2.531941252762941,1.0127811223024947,-0.23349331052589029,-0.20462175126486848,2.085515169668482,0
-1.8385068318025504,-1.663836056925416,0.5701060095166476,-2.714829252147723,0.37427818048114503,1.9006264737449223,2
-1.4273335895154653,-2.870973367494315,0.012034286410777528,0.5383365623096668,0.27861919206591823,0.8172823932796933,1
0.7905013606617233,2.5928681084091143,3.557108352301458,0.06257127690586395,0.6776396884833475,-0.28269377939134,2
0.35597712395974557,2.346560973557244,0.2769173524036197,-0.3356024998845877,-0.036595862562551394,0.5116870698446141,0
-3.3868137614883,-2.79285533443924,3.0990193392496455,-3.6402761784667232,1.2914035482160082,-0.9146438436170834,1
-0.23989891708016095,-0.207543930466341,-0.7262512025730956,0.8756017576017145,-0.05461267405809275,-0.062360616362226784,1
-0.0489651890222238,1.2866892227196702,-1.1925808963127393,-3.764357405147523,-2.590545973120058,-2.5066537431144527,0
0.1684019569354735,0.6682210099579217,0.01846862409784089,0.2995654778046639,-0.24134377440650479,-1.5905624790882882,2
-0.03687956134379011,2.7372771717543296,1.2852998577208692,-0.8574300579341476,-0.19081740545434528,1.580865265617013,0
-0.6391235224719644,2.3091224085207056,1.281767130592604,0.6495632172950616,-0.05028297436249998,-1.1645951917474484,2
0.18494228287440923,-1.2300151544785818,0.4276353499721077,-1.0266617369483695,0.010175070741430444,-1.1302272012024823,0
0.7732543213170501,0.8736143819451588,-2.417759874526073,0.49535077404847694,1.126296559324147,1.943772475871727,0
-0.6927314644886842,0.5275940319604335,1.2656917665606944,-1.4599104173763304,0.9167449190592203,-0.18907753500348456,2
-0.5271213854151164,0.3324266165863641,-2.1793471244528173,-1.908028464827702,1.68354649877845,-1.5042901160927713,0
1.3720614239496856,-1.5077452643307256,3.923657754322058,1.8853660175427196,0.7757672174031766,-0.6379915544849784,2
-0.06195274609809678,1.3928198292841323,-0.11814641165377748,0.4939985497156094,0.7018492854920929,0.5077001363999605,0
0.7460881195396843,-2.9184110599603614,-2.5433277002719588,-2.1195872169219325,-0.8039723988069778,-0.7233314197138393,0
0.0438733598289749,1.4144570418845954,0.761247006737368,0.5283140391773246,1.3317569703945535,1.0875290260766488,0
-1.1284736297475466,1.171423373095708,1.48728042631075,-0.7912289645324193,0.5871376842128475,0.5494007156162848,2
-0.33960163448836717,-1.3309935942369626,1.111101846097522,0.7025053818215883,-1.3760422637893543,2.723406955276084,2
0.8163391559383438,1.2070141940873018,-1.1450338562664224,1.8916573716899707,0.7393058408322967,1.0850942091135902,0
0.538806211751954,-1.0307877943814447,2.9282044563361014,-1.6159804339053827,-0.8474296921179458,-2.451118557160821,1
-0.48107355738448426,-0.9157396434354788,0.2407718961087847,-0.6959842577794522,1.4827147941724148,-1.295850181568186,1
1.7198462111025852,0.4173598031893482,1.5006551342948806,-1.225159936713998,-0.8469123283169792,-0.4505917031636242,2
-0.5073836817460986,0.938866548758458,-1.369089044719374,0.2200314126752081,-0.41063469198080127,1.5611341154165386,0
1.0769228252928504,1.2787304037581217,1.8406221249401802,1.4164421902132054,0.06681488317740555,-0.6016745376020005,2
-1.0811371127976614,-1.113396491027915,-0.20791995840413624,2.004270042768068,0.2294032478314346,-1.8525694714503111,2
0.301420515516767,-0.0639354026609007,2.095172084343612,-0.696408627131715,0.13315121142428596,0.5233126676971105,2
-1.466207830896165,1.2482977619055227,-0.7553009442374461,0.18355557403256062,0.6392695378569174,1.3747543242081286,0
1.3466658228367874,-0.3567091380884785,1.48270948486343,-1.0699129738060162,0.054020726047489774,1.9296716936862903,1
0.3673886906306303,-1.8640080882024783,-1.1782682914452587,0.1650951414441706,0.6170301703206962,-0.3517872986988684,0
1.459107157301978,-1.4691763829161788,1.1098317989907958,-1.495757049842459,0.7579053961110119,1.2788313280691312,2
0.13110209068591813,-1.3496868136248756,-1.849054959562865,-2.66600554384471,1.0276776748010317,-1.3977499388215036,0
0.21364588151247146,-1.492936969775968,-0.08813109235400995,0.6721400478345256,-1.4187085375474735,2.2912871134901334,1
-1.0656997173554419,0.2696954377129124,0.4662204605531918,-1.7014032077249293,-2.3216304066999154,1.223018488858706,2
0.1884677290662768,-0.44673119661830607,0.12419455635198773,1.3196308322031083,-0.9123874525123897,-1.7100841978971075,2
0.4201179982519729,0.33056734800218623,-1.1357711153488665,1.731159063118587,-0.48839173081703213,-1.4759452511888471,2
-1.0920457994509594,1.162686940940758,3.3326571616242715,0.7105097829378118,-0.7385354255011861,-1.1633594855812261,2
-0.9017815867008206,-3.138641650087565,0.7040465431420758,-0.5849597274872054,-0.6809510758067541,-1.004154638362027,2
0.3786662342514116,0.34088577693103117,2.1969699794500843,0.25995264070214663,0.0438749637607155,-0.35926484723539065,1
1.7274827380309878,-0.580515739380907,1.9521655671398412,1.7841453895045767,0.09430857892896574,0.006933995864226716,1
-0.21975049584272882,-2.4663663651520054,-0.13552410695452366,0.3956322269680552,0.2325949082278164,1.212016527676657,1
-0.8814336084580743,-1.9691928791729816,0.6045565233766255,-0.44955504333793983,0.31353796728351535,1.008217970044623,2
-2.6267862573507106,-0.14140395679987794,2.5586328314619893,-1.66839777111419,0.43388085090023226,-0.5864641774812505,1
1.3488294204391502,-0.012541305001103176,0.22356288190827622,-2.055916402893203,1.2919466965668656,-1.7603177604606075,0
-0.6314847326853011,-0.9177186821066359,-0.6836903737041908,2.322291996913723,-0.28476697753719615,-0.6314631320981707,2
-0.7192433379629661,-0.910430107222358,-2.276319741307468,-0.3546609445902694,-0.8658664371290591,-0.6512744036023634,0
-1.0987024773847005,0.5316237080542581,-0.41465630709969403,-1.625360298871488,1.6165704941174162,-1.6621035683099024,0
0.44319865991572976,-0.8334145856710076,1.639399670085267,3.341766998424174,0.27319919902204376,1.6082351053385637,2
-0.32323796452209,-2.8400743963348196,-0.17386000570772375,-1.7245457850456938,0.2560548642832593,0.06980061104957724,1
1.2720589823398831,-0.46060988820092263,1.208880440914437,-0.9442197947892066,-0.002166453227886297,0.31873637024727375,2
1.2522129097598176,2.9060386774665803,-1.23260312601693,-1.317505319966596,-0.6989504394636011,-2.06574718571563,0
0.23320596398520743,-2.70332557577735,-2.789342459345237,-1.15014311828957,1.3669904326788433,-0.3956338678298045,0
-1.323271023105105,0.5588511415261235,0.20626939873249261,-2.690875261349949,0.060321914532972226,-2.1046366281035214,0
2.0258070919112505,-1.0911057786679668,0.8368029752268472,0.608235639677706,-0.37732151011826054,1.337783906754149,1
-0.08891970051876215,1.573054766200522,1.7109748711913477,1.7961908603014165,-0.21942392592350715,0.009686992636823488,2
-0.2748987578856162,-0.38957981920280527,-3.5400390852639854,3.821429819127165,-0.3453931546700472,-0.4909775324125658,0
0.4486131033181622,-1.1960348183238705,1.9057338231065106,-0.09254891223173567,-0.0486068948728155,0.9960783402480324,1
0.34489700824991926,-0.9425529326374102,-0.8322780672928842,0.23734291300123056,-1.1859110092328462,-0.4364876867799866,1
-0.8224709128492901,1.2269760979480424,1.4626597550038858,1.5984966430190268,-1.0935571458882358,0.7533888529580515,2
0.10379718109609347,1.2845484524796622,-0.8469600599609038,0.44622731892492584,1.726626506496595,-0.038043125139334055,0
0.6933246903326009,-2.437388522743948,-0.029834433241091363,1.6988708601264,-0.7773900758589046,1.6257238674003172,1
-1.7827047434480237,-1.7274567710631714,0.8746766502369666,-1.2252685997335837,-0.9882688581768089,1.0302627888386278,2
1.5064217220015799,1.147973567684097,-0.7118065888776997,-0.2531195781609854,-0.8009807933177084,0.57589148493781,0
0.7176907414394635,-0.9866464565986759,1.0793259106888162,-1.7950348097617694,0.24324456985562717,1.2499413753068942,1
-0.655578997329579,0.46588324575786644,-1.3891229336713193,1.2746481348732948,1.6405335708923698,0.7376929475202008,0
-1.8087470156422523,2.167915077741996,-0.12319265381082523,1.5210653375607606,0.2662837304486303,0.020330153986721444,0
0.6329676506008086,-1.406158596818573,1.1430387343138941,2.567942672014123,-0.198640259656028,1.1411064205263894,1
-0.31778060433606964,-4.077018430452339,0.7113741212101381,1.6976193365494248,1.0499842925713831,0.4880842992058323,0
1.3068740958752738,-2.622458095635597,-1.5993377817504353,-0.043494972125918685,0.8375078724832392,-0.19535283779145718,0
1.337831020966117,-1.0856815060089082,2.0155831736200724,-0.4151748168126892,0.8119403283952916,-0.29288633313710466,1
0.7445840271996791,0.4591148691580742,1.1557883393841595,0.3069441891938418,0.8994350407557219,-1.0974808185713438,1
1.2749891193000438,0.5206765204323203,2.183524160339327,0.4070040347614743,-1.7187508928621646,-1.0004023257952812,2
-0.6596263010599115,-1.6762126557921735,1.0203405538193813,1.4633793624848281,-0.8699801924749085,-2.6756432865501347,2
-0.6730468451270122,1.416849284680934,-1.652894458230546,1.4462510158314572,-0.897046430645255,0.8894176090440906,0
0.5171968345390136,-2.2419515330865236,-0.7443084324838389,-1.3546846966609833,1.002085216590409,-0.8464127327339394,0
-0.36536299077273116,-1.1576321371231302,0.7151788030852413,-1.0939556243079906,0.6771597120657875,-1.4207222786029294,1
-2.5297162106054607,-0.5077772706621559,-1.6434611324726043,1.6030253630073168,-0.41500158233511925,1.329034487513241,0
-0.3466533614301105,0.6569064377004923,1.390577783804283,1.9575695598546168,-0.6490537204283726,0.555141181211481,2
-0.6026858478277888,1.9208200399243838,-0.5333856999422799,-0.22681095519000438,0.19356939925357777,0.3053122074433151,0
-0.6722782721875988,3.2449398077919662,-0.7465652914424725,-3.7224050870703445,-0.08456299914380815,-3.0265582798615664,2
-0.588236459587683,4.392493290977399,1.087883272918257,-0.7446879746058106,-0.026636644445163456,0.25811188798575,0
1.108788382475365,-1.4444410371704284,0.7738815123548262,-1.7352430561635572,0.7490898442530696,1.270578489359183,2
-1.5456501396999585,-1.3044045066574863,-2.285329461244637,-2.2875545333106704,-0.24091124509361989,-1.2121873427766874,1
0.6535019520558621,-0.9251219367178294,0.368804599909512,0.2521568803968086,-1.2181079715493217,0.8530848537216705,1
-0.42251273442204323,-0.7892567249309514,0.4122541525746968,-0.4857146556973677,-0.39231476873390336,-1.6330159059667948,1
0.3056292304581544,1.264592270060166,-1.099701000763813,-0.9961023738046055,0.3157358988773569,2.4414604108604845,0
0.9577897351368669,-3.2110855287567617,-0.4002449371365011,-1.7630665437022337,0.8560592234970398,-0.2063160294838211,2
-0.49671082393040833,1.7624142345446705,4.2496248295916335,0.5107733005635442,0.894049597324794,-1.6361841414674116,2
0.25713065241862126,-1.3080364163379148,1.824760316454672,2.950357299612481,1.4344668693460538,-1.082236739057259,1
-1.0058126703621093,0.5989360189391928,2.224035171493396,-0.2830338675182167,1.636825690112449,-1.928749152954607,1
0.7558549597599394,-4.756124546816419,-0.5347935741744556,-0.7437555640540365,0.6481372699075333,-0.00808953679274993,0
1.3511359132612295,0.06749763128692576,-2.6391711496438264,3.7540598441704542,1.5169467897086448,-0.8157627106095697,0
-2.407344206983942,-2.8759411392907857,0.9587820989381369,-0.5172093672148605,-0.13404658325719543,0.16752184127097158,2
0.630815849144619,-2.1664701675508953,-3.581516820544316,-2.2784822280482677,1.2706995850921912,-0.8252514103412865,0
-0.6349069197424152,-2.077537235680338,0.897010366410445,-0.626350521429098,0.29837745260117915,-0.8221420327318749,0
0.5319906076118036,1.7883991731786004,1.0903017814273221,-2.0609186299072255,2.188056759288627,2.0638662778842836,0
-0.1010387768819228,0.6565299500087911,3.1201243851432676,1.3235968205418343,0.11643824066339366,-0.3832836143971843,1
-0.579052547947254,1.7877544597654653,-0.8326197168946281,2.492695751114122,0.10393883414889918,-0.06817527955406133,0
-0.007515364270778083,-2.6213350090690994,0.2427274396761474,0.977522254541384,0.7576628729399759,-0.1730372648262306,2
0.7863127098804469,-1.0280270921230217,-2.559382504309162,-4.806029393446359,1.8823618585134785,-2.106932659281682,0
-0.43396614207281087,-3.0135948498701,-1.8893450464942396,-0.7018754933267173,-0.09843898615563221,-0.2890496216584313,0
0.32937314558352676,-3.261980791587582,0.2148985202467535,1.8385556337711813,-0.44415535763277153,1.7454647567346646,1
-1.593717015351033,-1.5037304881174602,-1.408367024782124,-1.1840069989458744,0.18780254789108838,-0.8872388098886254,0
0.06231564543053688,-0.18770997733746586,-1.7534446386057088,-0.941359424595652,-0.7054256480791758,-1.1070545851000209,0
0.4172634478581861,-2.6114081003940766,-0.2799571997268404,-0.7770713373969691,0.5623166206232582,-0.6079814612251688,0
0.9422381514973616,-0.5561559415522646,1.855802658692465,-0.9081583115750398,-0.4177797974317798,-0.7297102113435368,1
0.15716234986881794,-1.8282573350471774,0.23021777016735678,3.368192466767861,0.5821670444800581,0.6757912849893133,1
1.3651487618920815,-0.1806959587369774,1.8004999020085881,1.1127060862480835,0.42962494063367457,0.8073965910543232,1
-1.6100714474143767,1.7853509238153022,3.016574245450145,0.9665561437623017,0.07592053425948668,-1.0308338609466792,2
-0.6662387242582275,-1.1760605114754956,-0.4783211255000617,-3.575985063963609,-0.9343516085785111,-1.906438880914442,0
0.7389154710436832,1.4628783136045684,2.0569046815482093,1.7685108233476572,-0.304804089517739,0.25867596900771195,1
-0.8662269480072499,-0.7970751505472907,-3.555229082432498,0.7760980623901668,0.6624810601645157,-0.13119507061362234,0
-0.2202546014960882,-0.1531343609869006,-0.28778790168729795,-1.659194869758831,0.7941400600761793,-1.6564192633311365,1
0.29785609420602127,-0.04764056877547995,1.1563131549206602,-1.7662470103489252,0.35034177922839693,1.3707274271790606,2
-0.5326609725087593,-3.8149506929522388,-0.5126569388290396,1.7234607272496967,-0.14730039725501845,1.4653630389377916,1
2.2362836507959862,-2.1041003765373025,0.2345905022773297,2.1982152894746476,-1.3208237738789572,2.809095364836957,1
0.7797554962888209,0.21268326303787877,0.7930897005020008,-1.9929757816687699,-0.10412415422452258,1.8893609150099961,2
0.8029239690806602,-1.1765018078794858,1.0295386082415636,-0.9674064320170525,-0.3242360108482005,2.2412397798771693,2
0.4107306632690933,-2.006683473310053,0.6379733688440601,-0.12697940804155206,0.6195664721781072,0.1769130756448659,2
0.18160906625350978,-1.3243318512625741,0.4223450277305498,3.8370132415736484,0.7012555591767271,0.9030687343232883,1
0.661422784083347,-2.7307963732255134,0.7110243997273713,-4.9667795119245906,0.6714806010069174,-5.170027573487646,1
-0.9700039675090428,-0.5482195792477944,-1.0161612803558793,-0.863558268600048,-0.003507992008540084,-1.067365484800735,0
1.5355623779154153,2.5509630705854236,1.7165546515267507,1.1549329411771432,1.1877191771664013,0.2620566958848949,2
0.9412578547947976,0.6881027666201396,0.8239000001544623,1.3620397050290822,-1.0170366693914479,-1.1469177085361584,2
0.2224341369699279,0.8095650040883304,1.8011561290863418,-0.8911561497776535,-0.039004200618653756,0.22083747016898703,2
-1.9584415421346377,-0.9030011934985509,0.3906035588534351,-3.6809473440757756,0.5301913073429116,1.3662589685396043,2
0.3578383486710236,-1.8907440215754194,-0.41120903042757195,0.19051632150369657,1.5168128671298737,3.0968053501175534,1
0.4436139226821785,-0.8981749736847509,-1.2178437478406656,-1.8672280893361455,-0.2548998448684591,-1.3131202655292455,0
0.3400593668608015,-0.2015775021833438,1.1855575151675188,1.3409812815806257,-0.5589947278819981,0.3285983390406757,1
-0.3216625150584195,1.0329760037778648,1.4721794701906892,0.3881328325018576,-0.6283840909951381,-1.5509596528310228,2
-0.19847651507575567,0.6015158899073086,-1.6751287241413901,1.6773361734393237,-0.036813506178282614,1.1009032219976973,0
-0.2622960121898327,-2.4897992444273087,1.6024380761167525,2.6287155208424493,0.20526689360108463,-0.2134343126231999,1
1.1698009525885504,1.0572803376396378,-0.8659281126752104,0.8720839860306191,0.8842423057738108,1.6392038395921213,0
0.6820595085768006,-1.096493242628503,0.6890928824807391,-1.6461980896076205,-1.3454848362522223,-1.384954961234762,1
0.7607696419593537,-0.14811239588464986,-1.7513098613585452,-3.790893509005685,-0.6075263423464762,-2.0712971171555132,0
0.025426702611634773,-0.8235322286861904,-0.5806258889595598,-0.6706753712576086,0.15161882736063023,-0.9757605181370095,0
-0.5596626897839663,-0.6670500390928016,-0.33325073508562664,1.5082876419752678,-0.7960160652158775,-0.9037656917788232,2
1.0587438299148093,-0.9218979695163034,-2.3894099315480606,2.1666393974652145,-0.4376082567569663,1.9151163065244439,0
-0.03821102747132102,-1.7050171978208724,0.3259784041376609,1.3797757882457033,-0.6784854050250794,1.3382234609176566,1
0.49666473422737467,1.1058199931591255,-2.5341219901220082,1.788581727780616,1.039395053042138,-0.05745156269402263,0
0.4028217210829767,-0.06455499407849752,-1.6205470380772975,0.11011277500420191,-0.8386895237038932,-0.7917767076755214,0
-0.1309492221844728,0.830736725127427,-1.1458963258028323,1.7964876919034418,-0.41105779186704344,-0.5677947577567413,2
-0.8362881187253874,2.02172259517756,0.674738918801157,0.88503182060143,0.1744592948367024,0.11825239036433466,2
-0.6311897694433802,1.253820495459991,1.2036152956204118,1.8115160544586586,0.08070662638674134,0.971606111955561,2
0.33016684119296735,-1.5221210544856607,0.10555898313008272,-1.747490754924008,-0.9244972092556034,-1.9212230250951146,1
0.03240144136967392,-0.07372661588771035,1.4543094274718709,-0.758504315331544,-1.0173336567547735,1.162099768537624,2
-0.8442790185229957,-2.0939068546248096,0.6529218743807939,-3.1117472735392147,1.3668364606054457,-3.240639410269947,1
1.3738078274271044,-0.8888625351266621,5.4323875337533885,1.214038712701813,-1.8055572614170154,-1.6440359613109055,2
0.5891393590279725,-0.7452486622192611,0.9760804611697762,0.2625981455599732,-1.0790755000679764,1.5237678926494203,0
0.314448917351962,0.20443598618548764,1.3257366415742684,0.2789375822243825,-0.4329008187851472,1.8200947949271842,1
1.9871309706701052,2.61703311569189,4.002546015140288,0.28877580242743583,-2.5434981829554735,-0.3331423131003237,1
-0.03765994352544069,-1.3517274561313075,0.5896474727985979,0.039934287297606286,0.31304970991314623,1.053921458109374,1
-1.0381691470869339,0.027536229365495934,2.5488919118191324,-0.5857635087165209,-0.35349544620168666,0.47722851248237164,1
-0.29384703634710596,1.0284500827440444,0.10626858794286909,0.3461733675910207,-1.7649203841448429,1.37476654130501,0
-1.030014575863108,-0.8087870025564697,0.1665922261335795,-1.625974294787628,-0.8600133615785398,-2.0652783844418385,1
-0.488597581992664,-0.7850386959282761,-1.7303411482505684,-3.1574706239413572,-0.10910851765256904,-1.702639961362752,0
-1.2285985157038086,1.1074252821418629,-0.16511742861131207,0.8727356285877579,0.389600394794567,-0.3417490307790445,0
-1.0919754746661545,-2.241269461333472,0.09566429127906195,2.5195717438820697,-0.5399876357256903,0.9511292845330304,1
-0.37617660278168846,-1.1240761879768841,-0.3648826903862503,-1.3175577700716559,-0.6166050540454969,-2.0756391773635174,1
-0.044954586772383044,-0.07116602402540506,1.1496524241771175,-1.1566303826161377,0.354617568017944,-0.31096574080358863,2
-0.4198634610863194,0.5843930342620898,2.171224063441886,1.0761474302039062,-0.5745469761338794,-0.6607217786217944,2
-2.537388596069884,0.06846034828001213,1.8917364688311098,-0.7708682611273212,1.2319844712696357,0.9082960680090523,1
1.0026509129878278,1.3872465976066857,2.1641322752202803,0.7869622291969789,-0.2637453878486052,-0.8813628155725495,1
-1.3022392090163228,-0.19571585226183852,2.627127112916294,1.933966655979853,-0.05653974398173432,-0.9796537556699834,2
0.2997745637215646,-1.9644794935698813,0.3891395821152037,3.21337848393098,1.1841725276601456,1.1296178480037127,1
0.7730133622538113,-1.611864954718428,-1.2616182507861693,-1.5033976632086787,-0.004824621905130248,-0.9877523452339058,0
-0.6549459608026902,-0.2534735385105239,1.6791719316415836,-1.2970515939395466,-1.7783509672653808,-2.645085318754357,1
1.763557440006718,0.9229127074190202,1.8819654895023263,-1.7214259704020658,0.856450680015159,1.7775528259123707,2
0.16870626109520295,-2.937129326970605,-0.03387745325116431,5.0242986507853935,0.3597367643574598,0.5711751272398532,1
1.1111993566532803,1.0884505961762532,-1.2883492631189182,0.8325379256866863,0.4455388465290052,-0.36797069253105974,0
-0.5347156078106451,0.6047412192931887,1.3849304003133125,0.8194830299431051,1.42025693244196,-1.1155705630265371,1
-0.4358189771662314,-0.1503711322683301,0.7600640308426492,1.9071200313931147,1.670162587348925,-0.623393562259286,2
-0.5034355591611999,-1.5085047407559125,0.06919999193819837,1.6009809541681124,1.2128209850318663,2.55090975643897,1
-0.22012368028997004,-0.033378148093912374,0.7870550484771485,-1.272026956035223,-0.02809031340802223,-2.450500562871297,1
-0.06791473756253315,0.8862331814224897,-1.5463340384108302,1.5954904730504071,0.17218409224015727,-1.7196299094669443,0
-0.4167026002343339,-1.4278941717770421,1.1737305344000082,-1.0143718806087514,-2.7610619661559896,2.038305538572377,2
1.9552300309077781,0.8183134478632897,2.255445138607509,0.12617627582880686,2.3332893216497825,-1.838763449312788,2
0.6982208361354789,0.10869620199230634,-1.649621883371244,2.336153873975067,0.7505361154353056,0.17604742174225319,2
-1.4634059584266885,-0.3425342245801878,0.9226574091162432,-2.1223583747679764,3.495877789600099,-1.7759028225757651,0
-1.2875190260592986,-1.2589294349219096,-0.950158482182822,-1.861111635412528,0.3411273134397087,-2.0187432640022394,1
-1.9357655472112385,-0.07250807739843868,1.8594754599046386,1.4287299860131477,-0.8201217200962095,-0.4225794279641024,1
-1.217396118989266,-1.5800898549830866,-0.046301898678051456,-0.7139951556388555,-0.07609676861195927,2.0418576853073667,1
-0.7835221841353823,-2.656021878164114,-0.765750873182117,2.8033039620105815,-0.9997528010881317,1.9982468687263628,1
-1.4890003551239719,-0.02634513133501859,-0.38310912957780163,-2.276148068364035,-0.21754074858394365,-1.7677120833168019,0
2.3003956426851713,-3.95550028710507,1.2559259569675856,-4.261697536819187,-0.3247734732791751,-3.219967962477981,1
-0.7082677394030134,0.695843179465889,5.521260727836516,0.7514207221498425,-0.9034264163689436,-2.1535649995914232,2
-1.091611194628208,0.12402811636468791,1.3790764603332464,1.9897177404325705,0.7372525329431979,0.9177937531738092,2
1.3169588366867038,-0.1607686942079668,-1.4152270185878146,-0.2896194223056321,-0.8224315772548629,-0.9162816943374629,0
2.035032701365911,-2.9602603518980457,-0.8800750841936615,1.2986307908675918,1.5609497990990675,3.1659161816163337,1
-0.9960351277026638,2.141200365347963,1.055228612664862,1.2146218662242858,-1.5175371320153943,-0.6494343491597854,2
-0.35794383140131436,1.2887770440466688,-1.0410749503639363,0.8224467505247847,1.4690233975407674,0.5824100542176536,0
1.688793913309905,-0.04496408703721566,0.41290908313573926,0.4970272167579184,-1.9334411067859811,-0.6478982537332023,1
0.5460735131371113,-0.3303613817725246,2.1745720043226795,1.1047658111870016,-1.0954334572945867,-1.8278980841935466,2
1.556049439477057,0.3706934211791313,1.5237241037022153,-1.6929273528385962,0.4486897683389067,1.1407560971313528,2
-0.01849258839304812,0.5633769492543331,-2.6189769829008602,2.594930520744634,1.1408554956216552,-0.4950946426558578,0
-1.0317170119335606,0.24861236001017661,0.5042405727667656,-1.965572956179602,0.4383825801284031,-1.8239472744064873,0
0.5070812587595488,-1.417517903144863,0.6344939983603664,-1.2618572658252796,-1.2960236202513922,0.9792079031540616,2
1.556000571839204,-2.969892321862215,0.5566467831346606,1.0272686519557974,0.8810715736226133,0.6011207313324409,1
-0.18317826890522865,-0.9611100049349484,-2.8742936102318,-1.4645906169429006,0.2917303772534079,-0.9269852446434727,0
0.21174971808112725,-0.9841247718637505,0.3514677344723337,-1.587176304731317,-0.510334983207748,-2.742148579476225,1
1.0418521437480288,1.4208892553012316,-0.0579700536620098,2.0666210508307024,0.6024660957009005,1.2187344084326468,0
0.7559251916437938,-3.0780473131391783,-0.6492548595801118,3.0782004050189684,1.6281495457568582,1.8800732935353306,1
0.8129142448974712,1.1528823818570841,2.752433315660626,1.7515390856867197,-1.425593315478103,-0.2616980621141465,1
-0.48635689354981293,0.47650722712637095,-0.5107937955147983,1.5575590111116768,0.15744792496076662,0.6328152311780161,0
0.7339892274185661,2.0234734914951034,-1.0057084537764505,0.5143823174222686,-0.8130121217203724,0.7297462529622839,0
-1.4397742131100844,-1.1431458486212978,-0.7855723441711528,-1.2959886525171753,0.7828371647378921,-1.0816471225571536,0
1.455060582481769,-1.0606398754006832,2.0507037559002512,0.665738365453848,-0.9049146520560105,0.5480618359873415,1
0.49317200320172117,-0.4047311935721225,1.596485439039778,0.38414175101313,-1.880443055124838,-0.23488085068246822,1
0.666166065471662,-0.039004482024807996,0.9057725257716901,1.2607741731816158,-0.16719614307235198,2.3756539223773587,1
2.4344086332376818,-0.8256973441748088,-0.3309405861003929,0.8461112822050061,1.669228754640302,1.7946927791141873,1
-0.44272505218466185,-3.481941628016873,-0.3142367647192059,1.0781013297872901,0.17259410391486618,0.2559355917868673,0
0.7225885016201056,0.239141146048512,0.525561567648188,-1.827101508894796,0.0695480877572431,0.8200690238825319,2
1.876173413227712,-1.7508149559467003,0.04946926974881727,-1.5066243443393859,-0.7093787075578609,-0.26835564650664756,1
0.8207593039813063,1.694228743668714,-0.5942902769206724,1.280879360041931,1.0510951206993302,-0.46693434084647367,0
2.1056770663406312,0.9983209323029252,2.0974397406865783,-0.906287698075011,-0.025008706309041482,1.1899254680631586,2
1.3446761201021329,-0.3362254881790041,1.027570858894198,0.056608475665812175,0.04293224521441284,0.745430654881976,1
0.7312465066704062,0.38459035986516854,-0.26882945696935057,-2.7356709208658136,-0.8466117091333288,-2.0297579632393283,0
-0.2821000200372859,-1.1596953021936376,1.3161867081697274,1.7231812729028742,2.0236005675424753,0.32014400525975484,1
1.4212829829524993,0.12600487865779764,-3.1004021978745167,1.3774557853847913,2.0773799955912433,3.3266821841813545,0
-1.877442885236109,-1.1410645250818272,0.83489671625802,-0.1961291261789594,-0.9731153602213203,1.740154181537016,2
-0.6365257231756023,0.12020576186528276,1.692745943889261,1.9547574649350128,-0.6032078961176216,0.5945566694256476,1
0.3783471956072637,0.5757192579407862,1.2844320535467957,0.7029764845034715,-1.567329153524528,-2.250350261972663,2
-0.9688316315467529,-0.5387799399124771,1.9502415409109104,2.0877738589926196,0.8395935456672053,-1.2461769723415255,2
0.2550533488895766,0.8082538393132482,0.4403379289990147,0.6037846250388634,0.22650864967201126,-2.3948638714528943,2
-2.209351605823344,0.6952706281782388,-1.863632519680825,1.805031770816038,1.435435785839352,0.09853469887549005,0
-1.2500684892063942,0.07130041538062692,0.7969747463696649,-0.09327895794580077,-0.5030805391046554,0.3976944801692339,1
0.12569982217698403,-1.1612085663237806,0.6099159310135553,-2.3717125728717248,0.11068240565582617,0.4808931990928823,2
1.290515418870559,0.026079867498574938,1.0761001851739562,1.7823802302225196,1.0907235861498341,1.228430987337921,1
-0.7193199901295528,-1.1608805618081464,-2.5749922170078814,-3.1696911170219395,-1.689058449328896,-1.5290654955820977,0
-2.488562261791484,-0.3540721105803092,1.7233779747641624,-0.4498289143527664,0.33029086313314077,2.0299768206052375,2
-1.0204045638322368,0.39012702797614796,1.1788902647980384,-0.5548284883996277,-0.6693860527711348,2.135728718577958,2
1.2325248831179065,-0.992307200036591,1.0129154250704608,-1.2123068125353325,0.5690792595356432,0.25392372456475776,2
0.060608835674933005,-0.9595347245185759,2.2331978809604482,-0.0866064546662294,0.9034490360911002,-1.0882963508783043,0
1.9564182531884509,-0.2013819555276738,1.4250183472649791,2.5260067262442534,0.7469234690710594,0.4006199358056608,1
1.4798860999138403,-1.8694235965010124,-0.6430998548523219,-2.317280796036113,0.22987220812393777,-1.2732041357651398,0
0.36656575719312195,-1.7944720693186773,1.0250855568108064,-1.01643945809034,0.5363778526017037,-0.7726312262397681,2
-1.2877754452982377,0.49663682643833784,-1.1572440091847738,-0.32611410037045574,-0.26095483295925803,-1.1224494323084666,0
0.8950086680601209,2.064146762116729,0.8762043095953209,-1.1646227398116578,0.5919846851245532,1.3526383666172872,0
0.14993167006339106,-0.35259433103688365,0.043071384792830125,-2.790474445015122,0.31206959779496757,-1.8973256073197304,0
0.9481214391006447,-1.207660523590051,3.2292526914060695,-0.9100639964018837,0.264644005121289,0.2785562339371346,1
0.42709731679166757,-0.8277435761949309,0.7163306341104604,-0.9802535583780344,-1.2915111010958051,1.9152015746193198,2
0.318105056052626,2.490142904844965,3.6842897686573832,-0.3172287270459164,0.9886805603447387,-0.6205127211398328,2
0.12598395444891058,0.8260881244211306,2.8222242372197854,0.9895176039077853,-1.5048759928291267,-0.7806378943619432,2
0.13309373513678405,-1.8844064532196914,3.2986708129459315,-2.289156196802753,-1.748381656140865,-1.6851557655024314,1
-1.4568378693933226,-2.279025362334144,-2.1131674419861133,-3.170016901154159,-0.5572803003627007,-1.2978629534760047,0
-0.23916638006903776,0.09421915305062745,-0.312232282486669,1.2251779931714184,0.697065274014387,-1.0558840366467617,2
-0.14160981015580998,-3.2833504265436972,0.5340016051528181,0.051707937275899285,-0.5034210533268308,1.3828479198668175,2
0.020947365525143383,-2.3893285100137787,0.11084584528591712,3.231088916920594,0.2180755086527237,1.4694001479914947,1
-0.25939175593725616,0.12619866854818362,-1.86744997621357,2.29459251461785,-1.6999597206830213,1.5609420298540684,0
1.5832255296925064,-3.4195748693468744,-0.7842310228446445,1.5075255497217124,-0.8366279292906311,0.4365373181479413,0
-0.7324684570116543,1.2168934878969253,-0.602572493373621,1.7735623113576682,0.34828933009975854,-0.19184502044413332,2
-0.749143264693601,0.16955095570712309,2.0330080533829014,-0.574695279855788,1.5457122976592172,0.3757456994690349,1
-0.46316761307279136,-3.3880387692207963,-1.2061094386664108,2.827607933754371,1.905941348457565,2.9328557194263816,1
0.3118141834772605,-0.21201279159874642,1.4268195459988313,0.4257725732035367,1.4567099500617942,-1.1217555662259573,1
-1.2780584791178016,-0.1629814941848703,3.0666157908032714,0.1182146095310741,-0.7285450223200068,-0.9172564030497768,1
0.5496994183110051,0.9104953581407492,1.8953686351664194,1.463312071702256,-0.4399629124065766,0.48052377689950854,2
1.3626170266133677,1.0968302950717947,1.6453322008852225,-1.7672768540053427,-0.4203951223616271,-0.22614919395737032,2
-1.3971579982180775,1.8709626632846292,-0.054323419777551285,0.5779811810687676,-1.452795895888346,0.41400221229879175,0
-0.8204680929130882,1.91786163932041,0.43105789005232675,-0.36077167436707525,-0.42850000482208533,-2.4072864182213003,2
-0.08922545291666428,0.20528054730129242,1.7447230206787605,0.5091242708185957,-0.9033434862969979,-0.6743307638664578,1
-0.6409043492480827,0.4194835771982368,2.882727007271649,1.0918876904402777,-0.4972676139223384,-0.7037553183080324,2
-0.3518241723372218,1.4585047157799225,0.13600855735045547,0.3376321573970016,-1.0992282503581436,0.6020961448054993,0
-0.621627174035903,0.16832058691181073,-0.08598342276862703,-0.030107520230705065,1.6216000997663216,-1.072052551466986,0
1.661441013728396,0.4300849186642337,2.1886833865963293,-1.2581888544251068,1.3493250629458442,-0.028784072692666696,1
0.08642851707843523,-2.6220367033202345,0.14298803953082162,1.177871220149615,0.13119009034388346,2.909025172379269,1
-1.0719749162741792,0.5395360600900722,-2.7825577837847977,1.9208620418993259,0.23374717642291024,-0.4652486151694277,0
0.8638798216688371,-2.115643357162991,0.4024309207921386,-0.18517018649057881,0.41886474740898055,1.318929419710549,2
-0.2040932970155869,1.2890152755629005,-1.3589352519249536,-0.028705342545098267,0.935392053798128,3.162609667534975,0
1.0479129691305784,-3.353712287188926,-1.3511073638349824,-1.9106258895500687,-0.7290791631026989,-0.681460175440922,0
0.10617496974650213,-1.7450882448722675,0.8702854414463381,-2.038303120486617,1.4475869245124284,0.9070488962465246,2
0.20944693229641737,1.158329604502995,2.2082574326817093,0.6183963100316474,-0.9729497793166654,-0.04208667787636644,2
0.22992646789343035,-0.6804379975221823,2.193291135125908,-1.1099724848384935,0.18716402048616199,-0.8062187266040718,1
1.5689344956774955,-1.4397389545427224,-1.254017657383136,-1.3521601140881567,0.25386120901458487,-1.7512016252274767,1
-0.701337191602714,-1.2978721154878818,2.249717394945052,-1.9228394966024098,0.17367664613852624,-1.3363999741554216,1
-0.042335658198237126,0.053954315636213,-0.30866618690401393,-0.7824206705867944,0.4049140989591295,-1.7406897879996641,1
0.18183903720506076,-0.7439690312365196,-1.7835660590679563,-0.6172351986815064,1.0871951843953045,-0.8350848287928111,0
0.6975866003471783,0.8066791156248183,1.1601001833143765,-1.2702879274495675,-0.8313994672674534,0.846796164900449,2
1.3851489252123237,-0.38236583155088566,0.8840008429807411,-0.13723381611977004,-1.381109755914747,0.6472589697324629,1
1.0121364609085306,1.9488609043583511,1.230910157495439,1.4980288976123668,-0.8056053984262593,0.901694158217871,2
0.6597211996563939,1.53948528261916,0.06298612379557378,-0.4775464002234584,-0.12818546958576715,2.4238367220145816,0
0.6164364225217362,1.9497493269845587,2.283505208302697,-0.2793018987747147,0.14534580275063477,-1.8672089297332537,2
-0.5280338385633047,-0.07110083337025319,-2.015154038159216,2.6826547690043556,-0.23623613149791714,0.6374956432124688,0
0.7029537919068678,-1.0575856156950518,-3.1928278797081546,0.12566392323647113,-0.11224746695165881,-0.6755571080384433,1
1.0608136862553892,-0.4259388156234736,-1.8904155873007813,2.7403251954381007,-0.7931253451671499,1.118750964989256,0
-0.5381590012067285,0.36498472884146815,-2.6698583087999923,2.6137456449091583,-0.43825911737856177,1.0243068234487196,2
0.25178770689393903,-0.21377156843271572,-1.2840667460815958,1.808651440043933,0.8328993285973896,-0.18632700780593603,0
-0.18319134571712223,-1.9521436393965272,-0.6875830562009058,-0.7377710364678522,0.4261195264046615,-1.3623119040958585,1
-0.33317166483092703,-1.024637921029712,0.09586654648246162,-1.7413668769991961,0.768179564462847,1.1811253350975242,2
1.1953361180028157,-1.494032277640966,-0.7776602742352453,-0.2698604851665065,-0.8590879423640695,-0.6392589364924535,0
-1.3535598561343933,-1.1502678573858194,1.2970706710410438,0.20102417275557438,-1.5247054499878059,-0.8297051807492422,0
-1.9355846795170613,0.32871090645575674,1.0110164603180538,2.1611180036540034,-0.8135437543979207,0.0940972194419587,2
1.6608024019379088,1.6448005183954628,0.9925720207373359,1.2329708769953815,-0.7413932766302571,0.170242378065379,2
1.927569385178195,-0.9432041628616655,1.062441352650751,-2.5783506688808653,2.289805797460459,-2.687425528074458,1
0.1694418308596864,2.6055840380165303,2.952496339722171,0.4890934561764302,-1.6477981083840352,-0.008843983921069665,2
1.3074841895433447,1.3857462099899809,0.6375524389977163,0.8454966619441551,-1.2314687485942084,1.3312860773140491,0
-0.7087850802465393,0.8430260389881932,2.3199123109704276,0.9230968097406805,0.37348118773216055,-0.46118607082030927,1
1.7028270060092783,1.1570894818730229,0.6546256978551863,0.4364832121180243,1.2084505080181531,-1.9202562546726414,2
-2.0224615847208947,1.5659934606367107,4.037763890586495,1.7841725210591068,-0.560186525218209,0.8502341620718437,2
0.3549682547576656,1.7163994666244051,0.20913601688816486,-0.2922153287758791,1.6083893113571923,1.6122229741702503,0
-1.383453518068656,-1.2942395985327164,0.4188628916601689,4.4589322348358955,-0.8639591168352135,0.7894625175314348,1
0.16101788550445562,3.654054190809758,1.752453079801778,-0.6226902957918903,1.8511659419467084,-0.5171149244640527,2
-0.16809346596524435,0.27469531531807667,1.0881142226785578,-0.2009839414956942,0.4244730942479096,-1.392044182093887,1
-1.3495488481743696,-0.08119720114150386,0.8082231940054596,-2.1929438522495825,0.4603298731798137,2.962176637296097,2
-0.3562902946047844,1.5046052413449766,1.45258877758427,-0.04694779870253507,1.368129807708867,-2.7771644809950944,2
-1.0778741029687253,0.5008201913458161,1.8549108120119855,0.09075955410190173,0.8100806519091857,0.5316700610835401,1
-0.9923582864905137,1.0422831729288897,-2.195489569902596,-1.7442064516112592,2.467203710812492,-1.6255809662887306,0
